epoch,step,train_loss
24,49,0.22893449664115906
49,99,0.10437986254692078
74,149,0.07319828867912292
99,199,0.0560593456029892
