epoch,step,train_loss
24,49,0.2595959007740021
49,99,0.13458901643753052
74,149,0.1211690604686737
99,199,0.07793817669153214
