epoch,step,train_loss
24,49,0.17414504289627075
49,99,0.1796492040157318
74,149,0.07858864217996597
99,199,0.06635009497404099
