epoch,step,train_loss
24,49,0.2852020263671875
49,99,0.17155176401138306
74,149,0.17594073712825775
99,199,0.09117768704891205
